<?xml version="1.0" encoding="UTF-8"?>
<module rename-to='graph'>
  <!-- Inherit the core Web Toolkit stuff.                        -->
  <inherits name='com.google.gwt.user.User'/>

  <!-- Inherit the default GWT style sheet.  You can change       -->
  <!-- the theme of your GWT application by uncommenting          -->
  <!-- any one of the following lines.                            -->
  <inherits name='com.google.gwt.user.theme.standard.Standard'/>
  <!-- <inherits name='com.google.gwt.user.theme.chrome.Chrome'/> -->
  <!-- <inherits name='com.google.gwt.user.theme.dark.Dark'/>     -->

  <!-- Other module inherits                                      -->
  <!-- <inherits name='com.google.gwt.visualization.Visualization'/> -->

  <!-- Specify the app entry point class.                         -->
  <!-- <entry-point class='com.chap.links.client.GraphEntryPoint'/> -->

  <!-- Specify the paths for translatable code                    -->
  <source path='client'/>
  <source path='shared'/>

  <!-- include the javascript and css source of the graph         -->
  <!-- these files should be located in the subfolder             -->
  <!--   com/chap/links/public                                    -->
  <!-- Note: the link to jsapi is needed for IE cache problem,    -->
  <!--       but this introduces an issue in combination with Maps-->
  <!-- <script src="http://www.google.com/jsapi"></script> --> 
  <script src="graph.js"></script>
  <script src="excanvas.js"></script>  <!-- For compatibility with IE8 and older -->
  <stylesheet src="graph.css"></stylesheet>

</module>
