<?xml version="1.0" encoding="UTF-8"?>
<module rename-to='network'>
  <!-- Inherit the core Web Toolkit stuff.                        -->
  <inherits name='com.google.gwt.user.User'/>

  <!-- Inherit the default GWT style sheet.  You can change       -->
  <!-- the theme of your GWT application by uncommenting          -->
  <!-- any one of the following lines.                            -->
  <!-- <inherits name='com.google.gwt.user.theme.standard.Standard'/> -->
  <!-- <inherits name='com.google.gwt.user.theme.chrome.Chrome'/> -->
  <!-- <inherits name='com.google.gwt.user.theme.dark.Dark'/>     -->

  <!-- Other module inherits                                      -->
  <inherits name="com.google.gwt.json.JSON" /> 
  <inherits name='com.google.gwt.visualization.Visualization'/>

  <!-- Specify the app entry point class.                         -->
  <!-- <entry-point class='com.chap.links.client.NetworkEntryPoint'/> -->

  <!-- Specify the paths for translatable code                    -->
  <source path='client'/>
  <source path='shared'/>

  <!-- include the javascript source of the network               -->
  <!-- these files should be located in the subfolder             -->
  <!--   com/chap/links/public                                    -->
  <script src="network-min.js"></script>

</module>
